image_name,label
c4b33a5f584b4511b867859cdeb55475.jpg,1
469bcbebf9294de8a017011d5ec236a8.jpg,1
22845f1141eb4d5b9c0aa1e2933739fe.jpg,1
52646c91389242fa91214e978366fb35.jpg,1
f543c8f7157c427381c349b3bedd638d.jpg,1
4abb89545958496ea961f514b849bd12.jpg,1
ba5a1aecfe7d40f68b3bf03f2bdb22d9.jpg,1
726f8cb124124cbfbbe7f6219f1c8c0c.jpg,1
0b3fece33652469b887e40ca2837959e.jpg,1
dd9b4bb1d5e64e5eb16c32648f18028b.jpg,1
58467c3814094c1cb9339df803c03a6b.jpg,1
478b07392288454982b34a456fbe44d4.jpg,1
8fe650f0f5bb48f8ad1661632142519c.jpg,1
6b189a8132e2411db9419c88b7380678.jpg,1
f80f07e1898e4ff9b0aedc138bb69339.jpg,1
fd5bdd2b1bba486fa84f728e23a47b78.jpg,1
1ee31b51e30742d398faa2f4304411ad.jpg,1
aee853cc06ac45b2b1d4583aa284bcbd.jpg,1
2efc4e44f68543429d0c470d0ecc7e95.jpg,1
0cb63f6cef9a42c19972236e9e4e7e4e.jpg,1
3765c842874244c5a16b69664e3f70f5.jpg,1
1d82eb884c524f10a48bcec62de80e42.jpg,1
6a074bb41a7e4936a3d2224c3d522201.jpg,1
1a7f4724b8344e6fbc0eca6e9c7358c4.jpg,1
dee8280fead0402bb3f29bf3c65f6d2c.jpg,1
8c4b2467128344898d6fecb7ea9129e8.jpg,1
32c0612d9be24bd5a7744694e2825d75.jpg,1
8b3153f78b794dfcaa6577787a43917b.jpg,1
d3c6eb5df8a54f648fe845ebe6be9f6e.jpg,1
a34fd5ccbe374800823588dff1de3255.jpg,1
b690c2cb18c44d95a947748fa2f5ab57.jpg,1
f2bd6969cf1345b0b56bee833b4fcf9e.jpg,1
ebd3f5bae2044060a1cd7ff275421611.jpg,1
ced974d769344d02811ec942b54b71f2.jpg,1
bdc28b2cf4554ccebb60086f571eb773.jpg,1
dbbba6e8225541b4bea4706ddc14d7be.jpg,1
f95c65ea2c1340c58c17ef8c7114a129.jpg,1
325ee62fd86d491e9bab47ae48285448.jpg,1
21011d38b50f46049bb15172b6757dee.jpg,1
7ed1dd38cc7f4f328aa2e5d8ce1e2cfa.jpg,1
e682778ad7f84473bbe51d137fc828ad.jpg,1
8662b64315814f999c52b763a4a97df6.jpg,1
fb2106e97d4a4af3a96ba14d6f217fcf.jpg,1
2f0820b0d87244ba862beb846333b575.jpg,1
03125ff253084d59864d414a22d36168.jpg,1
47fcdc8253bb43e7a0af413925959d59.jpg,1
f7cdd8cf8b1d471590fbb11027de4d2e.jpg,1
37f417bf06174c94b4a9b1a7ac78e723.jpg,1
1ed5957f1a244b388eb2045714d554e7.jpg,1
d930624b360340098f2eb4b6234c497c.jpg,1
9797beb2852f401cbe0dd0476ae25b92.jpg,1
ab123d4469df4d4b9f0077f9cbeab4aa.jpg,1
8d35dcf9a7174966b817cd9eb9439054.jpg,1
03590a2730354def8f2a8e358d3226e7.jpg,1
e5948e20d418409a88a3d8ae0c81dddf.jpg,1
b620d21dcbe943b4bddc031f14b064f1.jpg,1
f37304f18f0c4daf900ec7b0526e73fa.jpg,1
f4166de16c8b44df95220d196e87b09f.jpg,1
970bc3cddc0e4201aff517a65caaac3b.jpg,1
ee737f3cb2064f9da3b96225d361ba53.jpg,1
c52b19da3c234235bb16666dca88a9ea.jpg,1
01d4a1ce3e4e49bdacb2421b7b355bd0.jpg,1
776b292906844d0db0d596d288e19733.jpg,1
5a9b9b1093974e148fcfebd1530931b0.jpg,1
8cdadce7cb554eecb6e4685d659a68e5.jpg,1
3a01196851764ccda1fa6b2b8e2da32b.jpg,1
0457c36d868a4bdb851eb4c629792b6e.jpg,1
1ce40c8095da4408aa48cca6a8db0b3d.jpg,1
975a30b5dd1a4b66bb143c3332c51f8a.jpg,1
e074dd45e56c4ef78ce299ba84f0c037.jpg,1
ef51733250444244a0a67c179bef731a.jpg,1
6a2218133be747e8964089444b875e54.jpg,1
487e50cfbd844cbd82bcf1d463d863fe.jpg,1
a26da2684694431e8da0430848a88df0.jpg,1
6ca1634bff7e44008c8bcef73d366190.jpg,1
03487402dfa94a1597c0741966a936fd.jpg,1
dd5382e0fa7c4bc585a0d103ecae077b.jpg,1
3820d8976dec44da92dde8a78fc78cae.jpg,1
ba48496b166c4bbe86779a143c6dea01.jpg,1
e05fe039e64842dc97c06ee96222a90a.jpg,1
1d1312161383434e81c9f27f5e4e8e30.jpg,1
f7787b4c535f4786a38f5a1a693e9067.jpg,1
639bf590da714d75a96acb87ae8d6bef.jpg,1
902e5646e8c64128995a7be709bbf10f.jpg,1
ff7c5da9de7942cb9df4daca64c0762c.jpg,1
3d307e7aec994744bd3d1ff074a0268d.jpg,1
f0b173c41fb0422fa063fde49f689528.jpg,1
a6794a56e98b455eaafd18e6b62b8c43.jpg,1
b941442caf7c43ef9b62b767dec781c3.jpg,1
1250bf55566a422fbb298caafade0284.jpg,1
2dc023405f9d479abc72e3c25183e2ba.jpg,1
ab1ac29ab9f1474cb094724cef0a85f3.jpg,1
acf99f345c084236a5bce06ce7d81fd9.jpg,1
33a21a9e17384a37b476cc9a52333720.jpg,1
2a8965be8e484b9d8766835ab4978208.jpg,1
ebaa57c23381482898aee8ae962ddd54.jpg,1
6d59dd5ac0724cd6befd4b4db3da0daa.jpg,1
a5ab44ac3b984c47806b5c9042791db8.jpg,1
e7df760af9f24046957e50852b6e28a4.jpg,1
3c4d919b45394572a8ec8adb8a0636b0.jpg,1
49f0271abbc64d07b09774da76fa3fff.jpg,1
4d8791a018504f52af7998ba93b3068a.jpg,1
559820e2a9314595ac299be2d00b81e7.jpg,1
8895100b5c4d40f29a3eb6ca7ac343a9.jpg,1
a4375be0b7e4403184a16312217d2f70.jpg,1
baab91f6c54340948d526ebde701c208.jpg,1
8108a108ac584fb79a23fb34ca660266.jpg,1
8020870a658a4e1d9d9557c7e3ef7712.jpg,1
17562c1663234ad18bb4628221ad97b1.jpg,1
f3c5da5423ec4e94a61b277038a665ab.jpg,1
08ff1e9aaddd4775ac2996b76193c928.jpg,1
294a9607aa0e4c8a85b6c10c8e886b1a.jpg,1
a4a7aaecf49945468f0ec29977cf9737.jpg,1
7c9467e7395b4d71956e8ae9715606c5.jpg,1
5f6c567b248d4368a8cf6371156b3e5b.jpg,1
07cb047e20d64062b08bfce23f78c2e5.jpg,1
4600c6bc0b1a4dca85a3635870261aba.jpg,1
af6ab4062ad74868910b9d50dac75ca4.jpg,1
d354818252374bb58b0f9ef10fe014c9.jpg,1
d0cd9d16cdce4f0986ba82e1d9ddb63a.jpg,1
3b8fe6af95eb404a8fe6f742a8fefc7e.jpg,1
7c59a3fd029c43c8921aff5a85228139.jpg,1
666756bb401a4a1596ea010b136f7775.jpg,1
3776f1599d2c40479a2de2c7d9e32be5.jpg,1
fc4a08116c004eee89331b6f5c6bcca7.jpg,1
c258b867938843ee9edf376d7fa0beb3.jpg,1
1240539efdd546f9812d03985ccfeabf.jpg,1
2f4f1078a1c24f19be03a3fd70df7508.jpg,1
c98ee023889d45d6a73946433cd30479.jpg,1
309e914b76b5475b98e1ed6055fde725.jpg,1
e43c62dfb6b949bcacf16556ebad3e0b.jpg,1
8e310ec8eed64e7d83d7ea19539c04a9.jpg,1
a25f937317e04076b1b195d0c2801550.jpg,1
9b8e579638014fe589fc594bc2394d9e.jpg,1
d105a390214143399ea4d5bb322e87da.jpg,1
3e5e1a6b971b4ac29029e69c69523dfb.jpg,1
314f11e6d13e4a89b20428d732862e57.jpg,1
a292d3352d9d40fcb1cf9ae33890e120.jpg,1
cb07ae914d3c4157beb061b7e309caff.jpg,1
3d660e5c3e2d4b2aa4177e37406f5fc2.jpg,1
c1754798393349f4b950a65014261773.jpg,1
39e82e4761924130b5dbbe7f4d239953.jpg,1
edb939a4778b4c3a8572e905f2d1ee89.jpg,1
5302356c728d4ec584fbcf1c274c5faa.jpg,1
79a126597f24449fa5101d5981665eda.jpg,1
15a3a5ad09234a37a01d67ea2b26a34d.jpg,1
76087c71be7346b6903553bb8f4a590d.jpg,1
18d5a972d5e94004b6dbc2076a421a93.jpg,1
33c172aceaba423c95e9f2cde0266996.jpg,1
15cfa9104b16463aa74a7c5789e2417a.jpg,1
0e8b8bdf4d59421aa9d7d03ada584947.jpg,1
b132b4a9244641ec893eecc921732786.jpg,1
125e83baac954d9c901313cbcae3a46a.jpg,1
6dfc55b01fbd444e97643dcc92661a10.jpg,1
3844af518ad243cc834ed1e5ff673131.jpg,1
a65009f192cb41da9479a9d48093bc53.jpg,1
cd03f065ac824f60ab561a39077ef10a.jpg,1
27d86cf85c324f5eb2aef40836b4593a.jpg,1
4e6f1c81564e43e3a9fb6569e08d1925.jpg,1
bea5555af3bc46f7ab509f0ad1afe07c.jpg,1
e0e6adc8fbaf46288734fddb732c836a.jpg,1
f8da3b6528574f61b9f1e04e702542f0.jpg,1
bb9b8056be804605aaad5db908576618.jpg,1
beae1a2a44cf492294a025e01f42724f.jpg,1
80a0a9d72aef49b38c0c8dbf32bd3426.jpg,1
5c5879b78dfc4ffe95825dad5b8e4b43.jpg,1
aa160d7a97d6438889b95530936bd977.jpg,1
a312e9ea0ec14c448423f7f8445746f6.jpg,1
c1f812cc7e8d42219edbf3e0027dc437.jpg,1
ae4e822af8174c2cb6b4ec03718d8a61.jpg,1
c55cb55f2b6d4402a87d9c7c460236ad.jpg,1
42bb08ef619f45279a177f3285a80e50.jpg,1
2b8acb9866b34478978a4255fdac5de0.jpg,1
880f62ae0b23489cb93dc50b0bb2842f.jpg,1
f0e5d514806041d888d6abb0d4e21297.jpg,1
aa26a503b71944a59044f2274fe96486.jpg,1
a39ec96367de4592a93bccb8705b5ce7.jpg,1
466b504c52f0403584851c2d3987ad88.jpg,1
ad228f8dec484b2683d8757919543b5d.jpg,1
edd8bb9f9cb4476490441484b18df895.jpg,1
a7222d4588c1478fa650c288763ad6c7.jpg,1
0b40b6c8e12448f2a223a6439b606e9e.jpg,1
42d1631f765249ec893df3f07924682e.jpg,1
5b2b176c73a84dfca4d6185029a8bdcb.jpg,1
1671e7d908f940a3958a7306f979e7c0.jpg,1
5df8ab71c4554ae7bb0fb04ccc52e535.jpg,1
814805ed74cd4b1d85e34512b0ab9117.jpg,1
7e63fab9d1ad426a84b3a5ce45057472.jpg,1
8a292fac2cda44e78a0bb26a3dba5f40.jpg,1
3e1645b6da024967a814e804797a1f25.jpg,1
31a5d87c4ec34f23868823a103b9618b.jpg,1
aa2a58a5b7444fc3b1d14d9eeb7c9d3c.jpg,1
edfa2cdcf8f642ab91cd3a367c5fe429.jpg,1
fc1c82fc991e411ba7b2814a827c6879.jpg,1
c0fa59cda50b43ac9d0f6a8d42b9e238.jpg,1
0743d88cf52c4bb99fb1bbc87fa54e34.jpg,1
7f9c2c73dff74a8c98e28dc02233555d.jpg,1
8aefc2dd9a5a425fbbc5d3ee2bd69991.jpg,1
5ea3156b9c784916ad913f42a6dbec94.jpg,1
798c1150b6b747d4b726c6e158fadec4.jpg,1
1bf26d93ffb248a1b6381befe67a90c7.jpg,1
ca5de296cc37440b9f8e49b11e9ef497.jpg,1
8fd37ea706e44284bde8e5ded981446d.jpg,1
9a3f520a18f047e7957b34f58e607760.jpg,1
c8f61b3508c641c0b17276dce50839b8.jpg,1
3c09396c00c54f1a99dab259b6e05e11.jpg,1
69a993f2279843adae9dc640ec46c8de.jpg,1
674850fe649444e7a9e75ad9d7e7f935.jpg,1
8e0cad47281c468e8afdfe78471e631e.jpg,1
3b61286f7d6a4f7aa333bea167330e34.jpg,1
1f2cf070d9da4cea914842ecc7aa6106.jpg,1
664a10815646427cb123b7f194d01714.jpg,1
9b3d0e352fc54b91801f1f13ae6ff95b.jpg,1
b2363461d6fd4571a7a1892535a10c74.jpg,1
20a674ddd38e46038d480e67414a20a3.jpg,1
94a2d111702f450f8e0546c306f58d56.jpg,1
d2eeb7040c5544ce958697b9d56bbf13.jpg,1
78d73f6c46254910a9dc5720d6b5e49b.jpg,1
0cfee37084da48549b50a1faa99885c5.jpg,1
022a6b37b8a4487fb2080dbe766639aa.jpg,1
d5ad444cdeb4404ebd8eb944a5cabc09.jpg,1
3e5a6ac02a21465a9f7c3efc7b1ca429.jpg,1
3580b9f90f9e407d9e04515bb0df46f6.jpg,1
0ad9e655b9f44115b057f022fc1aa42b.jpg,1
35cbf635dbc44b5eaf098d5629e6828e.jpg,1
4521fb34a12e44f38b471779f1a5ca43.jpg,1
b8583417b74e426dba8121f2b86fc1d1.jpg,1
f8f0748976fd4920b1f81eb20dac4433.jpg,1
362bcb1b6b854ffd9bb445438c8df83a.jpg,1
f877d061d19947ae8766f4959a5f13e5.jpg,1
0ebd3ec2a45742d78c57cc443ddac0a5.jpg,1
ce8e5ef8e77b468f8f1d126bcb363c74.jpg,1
82ebe315d1854adf8a7a4a194999fa66.jpg,1
8c90fa8fe04d4e079df0165e1e69c8b5.jpg,1
ba23000bca2b4d3d8eccc7682cfa7012.jpg,1
095fc471c0de42bea116a0f4ab06139f.jpg,1
b61744db8fec48ef9f10e85306a3cc54.jpg,1
1b42610bd8f646ee8d11fd7903d29158.jpg,1
9ac128c0e85c4be88606942930244d12.jpg,1
74463f1a89d8483fb0b3a305dcd26d84.jpg,1
f6c3906e68d7482e8246a246879e882b.jpg,1
3d8ca2f7603a4a2ebf27f9c415282830.jpg,1
26d2a3186045430ca8622359a430acba.jpg,1
129d1e34ad7041d9be96f6833c496fee.jpg,1
91c2c2c867294e40823269b2bd38117d.jpg,1
4f3c1aea0f8b426fb540098dae87ad2a.jpg,1
065e2891ae784ba6ba3e98cec042173a.jpg,1
1659b017898a437e8798790c7f587237.jpg,1
c91ab6c7337e44d690eea2b833f93972.jpg,1
2715355b61fc41fb97b0fbbd88f67b13.jpg,1
04bb9f9035e949fc8e85643943d3faaa.jpg,1
1f507dde8e0b473fbce3eacd9a4daa71.jpg,1
c7679cf9d35f49df8ed4c6b8dd947603.jpg,1
359f565369044c1ebea0b41549c4c8f2.jpg,1
397d5973f70a4ea88e91890a82d3de30.jpg,1
86fbea98876c4597a4bd082a04500f5d.jpg,1
74167f9897c142b5834387c2bce95abb.jpg,1
bd268a2b00034d7eb1cd70ab430c3ce9.jpg,1
c12646684cfb41089859e3942aeac791.jpg,1
4f8adcd985a64440b268da010afcf917.jpg,1
49adb6b792454ac3a7dcad624b75f52e.jpg,1
ea0722920a80414dbd1d406bb62eb328.jpg,1
f76c5c3bd9b543ec951e5e611bf40571.jpg,1
7a9784d1f18944a7a68e76dd4ef66484.jpg,1
ec42c4e08dd142a8a5eb08e5a2e82421.jpg,1
6566bb8865e740d2be887b5b9e1bbcd9.jpg,1
bf12f984bcc04451af78d18bb7b15b10.jpg,1
b34c9edfeeb541d6b37ce72c054d688c.jpg,1
9a681a1fe42f4f95a67c03464b221d41.jpg,1
96a3fa06d33544848832290f7a11130e.jpg,1
e90301125e8245b9baed092995c59453.jpg,1
9ce2e7401d784da0ae587002b11ba510.jpg,1
7307480409414becabf5c5963afe54b0.jpg,1
870af2acbee342a98094ada580510c95.jpg,1
03fbcae7da354685ba3560c7e20759a1.jpg,1
6957173fb9a343e6ab56469fb641aa84.jpg,1
0dd09d574f30420080aaf937d3da35bf.jpg,1
ebffc2e986394d02a823d9b6e34b268e.jpg,1
8059db18115c439ca12bc8de61e70db8.jpg,1
c3ea7c714def4fd1b79cad50ba96d950.jpg,1
5a5164e92af742dc9ef16cd4109abf72.jpg,1
876e00f01664471ea67a004fcedb6e32.jpg,1
f46e12d4c20748ba8e886988a72a4714.jpg,1
955ad430377b452abf5c4c74b2ddee6b.jpg,1
c37f01e2ac354884894b79f784406819.jpg,1
4bb462bd1e96425b9db0752ce540dce8.jpg,1
7146f18566a7449fa4b0c7673ebdd540.jpg,1
dbda46629dda4cb9a69a359e523905f5.jpg,1
978e1fda572a400db2d7e5bec1d74f9a.jpg,1
6e0dcd6395624cf8bba7857b238cb157.jpg,1
f4ddd06e49ae47388046ecd42c7677c0.jpg,1
f744510655ac436b85044a1d128a5645.jpg,1
a22450419c8844229e215d67ba3fe46d.jpg,1
f4d8c44f69d44ff780a63f44a623e28d.jpg,1
a841cda76427497da96926b996003a04.jpg,1
1400720eb35a4de3bb3effdfcd216f61.jpg,1
ca897483e8b94da3ba30bc1c47c02e5c.jpg,1
5bcbc47245d645bea54f94e93a32db8e.jpg,1
2c13fd2fe65146d88b801c1cfeb71553.jpg,1
5241f69cc125431f9f3c45426e5dafcf.jpg,1
df1ade1995ef49bc9146444846d8c868.jpg,1
904b6d5a06594d809f771507b1af4b38.jpg,1
88e4f12e2bfb4180aa9549f6a55d728f.jpg,1
b44b8bdaf7c141c2ad30a15661904979.jpg,1
732e3c36c68f4019acfd244b5b5db089.jpg,1
01e48b850daa414aba978b8cecd1a03e.jpg,1
75db90ab7ffa4e50a2d1c9f6321399ba.jpg,1
fd0b1e68868045ec95a91150b2a23d10.jpg,1
ab83c61d9e0f4b94b4b984ce36404603.jpg,1
211dca5306ed4eb28e6090e53942783f.jpg,1
aa3210c41a484b199e545e4f5d3006b8.jpg,1
46c997b3c68349adbc179ca2515f53f4.jpg,1
f9d09ee42d884aa99ef2d306d7ce8adb.jpg,1
e28fa55702dc47b88a7edc45349b3710.jpg,1
1bd5100ca1734fa799825ae93d60046d.jpg,1
606e402eafd949978665bcc6351b5c89.jpg,1
ecf2e247bc3b469397a2d2d124492e6d.jpg,1
dc4746cd468d4c7586ebea73bc983576.jpg,1
3128b3189a074c17bfaf63133beb1566.jpg,1
983435b6c5954e358c1e22b0ef790ae9.jpg,1
1ed3244c553347de9d425c39cb329755.jpg,1
21a2ac69f42846a8a10e86216e3f5536.jpg,1
654331cef5724a35a92ed83c9b5d1ae5.jpg,1
a76448c9917440ee93330c8bc065c35e.jpg,1
c6290ccae4954c2081823ebfccf65bff.jpg,1
f68a32465508465599ea3f130972782a.jpg,1
423e50abb9604f43ab6d264d177574bb.jpg,1
e72b8ab88a954f218e5a314a47e06e9d.jpg,1
ebb8ef89d6c14ea6a1285091307a4683.jpg,1
f28c05a2ae7b42d7bc3a2b54eb78171d.jpg,1
0fa358893caf4846ac2e2f693fdfbec0.jpg,1
ff15bd865b4f4a20a608e762a56aac9b.jpg,1
56cb37672ec64349927bd23dd4a2bde6.jpg,1
99cf422e0c6242dbb4e77d758070827d.jpg,1
f4ff19a4916a4ca9b01d10bdca0883ea.jpg,1
08cdd39b77494fcca93779f32dacd092.jpg,1
21eb45cbe75c4992af543b13c478b48f.jpg,1
63466b9b656f471dac0de533fec2daaf.jpg,1
ca9f4ba4c79f410c8044fea863fb0dd8.jpg,1
0a530b5525094ec797950615407d6bcb.jpg,1
407498636207491580b3f662b7c57669.jpg,1
39eae1cc3bbc4085ba9a1b4c13643249.jpg,1
8005fca38a7843fcb395a93f879a7958.jpg,1
e6cb785e208047f99fd96bf2d1547759.jpg,1
96045f6e7bda48c7971d25ec86753484.jpg,1
7f4b4d56824e42faa84291b3e872dfe7.jpg,1
5d255bd68b5d4e93a8b1636e50733b80.jpg,1
04b54a7d3a334588a404b21ee1ea4525.jpg,1
41d0d4617bbf41e8917a7370c2b10c3f.jpg,1
c2ccf610b6ee46519b51b811702d88e4.jpg,1
5ddd673cf63e4a5c9738d8a873e1ed4d.jpg,1
0d04dbe6880944ae977417b9024ed473.jpg,1
a20762020c094a2ebac2fb0e6b562916.jpg,1
3669e1103970485ab465ce0285cc50ca.jpg,1
a69d482445a240dabd81fadf3d8028be.jpg,1
dd18712b63e843b78b5eefc0802a0dc9.jpg,1
37bdfd7dc138447f88a4da5148f68eca.jpg,1
2b48ba12754045c7ba1979a4a209f3d1.jpg,1
71556cea91d647b59b70e874ccf91409.jpg,1
8a43436f6ecf49f89586143a8fbd4114.jpg,1
97d1c4872eae4255a9e88ea909753f1e.jpg,1
e7d8febcfa8b41eb9876ba97ec9f954c.jpg,1
dbcfcf36b88c4ec6b2ac78b0e6c23cf9.jpg,1
fa5c0dc928d5454f98a76b487afa59ab.jpg,1
151c39f0ae224cd8a8cfc2359d70eef3.jpg,1
eb480c086e404f8e893b252fa14bdd2e.jpg,1
8d885074c5004407b84d9bb309a7f6a6.jpg,1
45daa69812d544c1986b5948a1d84748.jpg,1
82c18832a08745669f06244d56deb940.jpg,1
c05258f397bb4fea9b694af9cf23d39a.jpg,1
b8ff5697bb2d442fac1f8951dc261ee3.jpg,1
80ea486b4f9a4e0fb291742849a3d383.jpg,1
2d4c91b9e1e34a2d90859739171f479c.jpg,1
3200d498ed664398a7acdbf470a87d2a.jpg,1
bbb0dc8d7a4244bd9239d0dfea2539f7.jpg,1
e51bfd5a98ac46e5ac86ed7a876fc327.jpg,1
a293bf11a29742c4a29c69060c874170.jpg,1
f0638dd76f4c4f1db99b2eb3d413d4c0.jpg,1
d74f0feb9f984aa9a1e47178d2089fe2.jpg,1
bba957aacde54b0abfa1455b0cdecf8e.jpg,1
7113f4956261443a9b0d9e48c9c7e063.jpg,1
4e57dc88c6604fbe94a1865ef8931f0a.jpg,1
d2a2dfc5afca4eda8eb3e7f16ad8a835.jpg,1
4e46ef73cf5142269cc22472c4d71d67.jpg,1
dc359b950f8c43718488baa37283e76a.jpg,1
cc1f831accc24afe9577df7a5f88e275.jpg,1
dec90c420957413b90c4be86b73be1f7.jpg,1
2cd5d6d5d2134fd3aabe1933fc9fdae8.jpg,1
894ddb63b4934895900f087bb0c4da90.jpg,1
1eebca13780745b2a1f8803b2b56ca9a.jpg,1
61a70b0de30747fbb131b5b72a1c7047.jpg,1
9954c923bb2644a49fa925ff68197161.jpg,1
2251f9d550794edd8af183912c74a0ad.jpg,1
e3cdc44364d6462192cbf6971b4bb36c.jpg,1
022d29b6d7774ef8b870a82d668249e4.jpg,1
83d04e3ff616413ab10a5086a691f3aa.jpg,1
a123f0c4736e49b8b7f1396aaf16b95d.jpg,1
9803f657477241e090225a3ebc37cdf6.jpg,1
41ee4aae21964e49b848d94b6ec4996d.jpg,1
4ba4a994901b4be98fb171a59240fb51.jpg,1
915f370d3dfc402192637f71dfdcd50b.jpg,1
c3c65eeb96fc40a895d4c214b181dc24.jpg,1
17ec464666b44c7aa27566be49b17024.jpg,1
0062b25244544f0e819fc8505c13c404.jpg,1
d1bbe9bdabbe4c0c831ed03b4211a17f.jpg,1
e3c584acdbec46749318334173938719.jpg,1
4a28ec42593449dab79bf6b25db4b443.jpg,1
9281b44b3dfd4dd1a75a3d9fa3b03325.jpg,1
a81fc8850f0449f6b3e1ed432ce0a20f.jpg,1
49df0cd659624c19a04c5c45805e9b4a.jpg,1
f0475056496c43c2af3e3824f6906f5d.jpg,1
940945cb7c214053b88426f22efa6ad0.jpg,1
68201c54c2cf4cc498cb66090031eeba.jpg,1
f07fa857bb1c494381be071b9f7bc8b6.jpg,1
9c746f75242b4a9abcf5a927de693419.jpg,1
1f8bcea934884ccca5f0768306c595ba.jpg,1
c1fa5452c2984208a22796872356ffc6.jpg,1
a82027f570cf4ca0876c4dcfbf32f6de.jpg,1
b612de3042e145509d1fc4e2517e7576.jpg,1
2cfe92e9c1614c0fbff3db7f95635bf4.jpg,1
9dc45c96c6184dd6b05323cf042f90c6.jpg,1
c0b43817303441eeb080a1dbbdcf7748.jpg,1
306eee837a394593831d9fd876a15818.jpg,1
37dc8821b4124ff89e9ff92882dc3524.jpg,1
d819ed109fe34842a7c13b51c51f69bb.jpg,1
d7726b12ce1e46b498a95a3838531f6a.jpg,1
0bbf60cb2f054ebbbdc668595b6ad732.jpg,1
4b99d9357cc74d5183321522357614b9.jpg,1
681bbe7a5768456d98e6f08fb75733ea.jpg,1
18b7ce58611c453792c0e260ac25ce5c.jpg,1
d662dbc4a621491eaa1e917fde12426f.jpg,1
0fd244a73f3140c886fe00b528fe9ee8.jpg,1
cb2ee42b4cd242dfaf1bbac3fe43534b.jpg,1
231c526074774faf8e13c1d0e0d1b3ce.jpg,1
b761d08eb802475cbd314cd053c866c9.jpg,1
32ca353201534e379552ce80ef01a76e.jpg,1
9dbf3e6c75594d75b332089f265aa95e.jpg,1
79e1446c27204579bb10f5512139dfa6.jpg,1
fb83a738bc06437e841692cce3c35bd8.jpg,1
bf1278278bdb4b2c8db0082f11834923.jpg,1
1b20cd15d6944c3ba3f0db3dfb003499.jpg,1
0fc6082dde7d4e329df6fd4f8461f85b.jpg,1
4d1d349f48764505b6bda9afa37f5064.jpg,1
9cc9cfd0fb73415c989f8402c9592641.jpg,1
7c872fc7f1e140d3b55f70d5805be422.jpg,1
b861cc0ba08c4c2dbe8b656b1e5f0bc2.jpg,1
1cdb66cb37454f95bf2066deef6607b9.jpg,1
f261e5ab7a2348c59bc67f84f6b81a8d.jpg,1
1719a4ab88324be6a1c6d62d77af30af.jpg,1
a505eec1099743e8a5de4af15038e919.jpg,1
1f1c25d26d6a45d0888793903605c439.jpg,1
2b6c4a6a768642c7a55097c388cc980a.jpg,1
250cdac8e292490eb3b05476bf2217be.jpg,1
c0dc676433ea47c7935436ba817761df.jpg,1
b16a17f7db6e4035a85e746554077e9f.jpg,1
fec329b28ee5465b8049a1a78f003dd5.jpg,1
12dbf83828e248d1ad929fb3625c2355.jpg,1
4537b673edef4eabaed379b7a8b12126.jpg,1
424aeb42c4a5448689a71a8d633d48e8.jpg,1
a19b524b6c364a8eba70ef55ec9efc10.jpg,1
f9ed813569ae4e6194376227f7beed85.jpg,1
886ca4adaa8d43b0b1f43043d7fef1c7.jpg,1
3f8b0c9538b24d37be3e54af15256638.jpg,1
da5a273b68e54bd28965fe13fe9a4c1c.jpg,1
f39e29f8793343e39cf660ae4500d3f5.jpg,1
88eaa65bf82e45869d5c22de67c2441f.jpg,1
e184b8c1f16946998e99f5cb70bac8f4.jpg,1
e306d65877004c8683898fc7ec3b148a.jpg,1
ca7b91133b2b4f8e87caeae0e4a49c75.jpg,1
88dfd0f3e8504e0ba09eb728628ea208.jpg,1
37e4cc6ce6a640f7990187be8c5cbe63.jpg,1
5c13f36bc2174ca3b0753ea9d9f6631a.jpg,1
69438fd6da4541c693789034836059f2.jpg,1
6729f1476a6b4020972fdd3b989beff4.jpg,1
f23e878d6cb34c979f50f4d6c5b6bacf.jpg,1
4b022615512640549eea51a756e29598.jpg,1
1ef3fbcba67e469ab9577d88496fc173.jpg,1
d4f0a5cdfbe84fba940efd6ae03c9aa7.jpg,1
fa92df2d544c4a74888d02a2c577fb3b.jpg,1
5b9f1fbd422d437d8c5fc1b04640cb70.jpg,1
05f22544101e4904ac7c274ca0160459.jpg,1
4e6f0ef86d1943c6b69e46b40a817804.jpg,1
4d600b27f322431da931f203bdb501ed.jpg,1
0e24b04ac91b4ae6aea69e9eb295c8a6.jpg,1
1d7a11f835f241a48624c81fd54dc7b4.jpg,1
fcfc17493ef04757a16117190e729192.jpg,1
0623d563cbb8414cae51b3427bf33475.jpg,1
2321930b38764c39b9453d5688b23f26.jpg,1
bf76dc5952f84df48e7c86079592e9ca.jpg,1
e51536274c6b44ffb63909c955b50a49.jpg,1
ab0f2e4dcd834daab88d558383dde69c.jpg,1
b39ece4019254895afdcfb9086d6b9b0.jpg,1
f30c13598b474dab8c14e7cd768c5ec8.jpg,1
3d758567c47a4455b2f092a0a73b5c62.jpg,1
f70d16f965794fdda4713390ff5ccaa9.jpg,1
3d813e5e0ae24a50b23550e0c51bbf26.jpg,1
0bd23cc42f234edcab43a638be6f9b4a.jpg,1
af8160bd9b824c94a30addc1dd1469b3.jpg,1
bde097dfe20144789e63caf7e05747d7.jpg,1
c4dbf787cf6141c0ae0dc05bf3b9671e.jpg,1
7c7118a6e21e45cd96e0ca889883d446.jpg,1
0ba5491957fd4c7080f3cee924e9cc86.jpg,1
55b1e1b496634f2986917a8442fc6da4.jpg,1
b2631762979c481d9674005eea7ce10c.jpg,1
8f40ca7634fa4e18a0e21cedadba5269.jpg,1
bc71ef14b8064779a627cecd506f2f62.jpg,1
a8dc9d8d2b114f4489d56286fe55a8ec.jpg,1
d80c671806da43b0ba96bce556f4c0b9.jpg,1
3e0758c8c84e4850aab00c19bcb2a1b5.jpg,1
e023417df60c49d1b065106a657625f2.jpg,1
012490df126d46a0a8928da0224b0c12.jpg,1
6affeca7fbc8407d86be41e12466eb09.jpg,1
23c113b2ad92458c884926fd8fcedd23.jpg,1
98c547099d084a88a5dbce114f5ca58f.jpg,1
697f7deb32484921be2ea3d8c6ef68f6.jpg,1
3c8f142333834f88a764280479d3608f.jpg,1
53685b0fe28f42908fb6bb69aa35ba05.jpg,1
1b036c56b4004943869a08cd20fa6711.jpg,1
fbe77fe9efb446c0abb02c06cf6187ff.jpg,1
90378c2632324468b8619883700b41da.jpg,1
59cb7d9b47e64822b1f8580e305776e8.jpg,1
2144826b10274eaba6b0e018d193e737.jpg,1
01753646112349198cb21f7ea96b3b9a.jpg,1
e03dd37f28d949bb909adb9571b9d9ef.jpg,1
7ad98515d5d14ab9aa1381348745d07a.jpg,1
edd818440da34d249e22be3ce6e8d960.jpg,1
1a5319d6f30a4f39b20e20cdc0cde7f5.jpg,1
d4f4b102c53f4160afbf0cd928e28a72.jpg,1
ca57ca8e28624928a89f49a00bd45ea0.jpg,1
1e0c1cabdf244a7bb26765272bcea388.jpg,1
d84f1f435475402d8209618e31ac31cf.jpg,1
3c0906664706458a9ca6f829da4f0406.jpg,1
76ecbf8926024e0da59c61a98005e990.jpg,1
34d2fd921fd54f82857e496e439b0acf.jpg,0
fa910dbac6e84a19a63b467f21321adf.jpg,0
22608dc94250482795eeedd554e88781.jpg,0
1db83caff95e41359ceff9af3c139364.jpg,0
2ec015c7f6314bbabf15d52097b49388.jpg,0
9ba5b4cc6eb840d683831261acbe5373.jpg,0
308a328e7d8649e68ffc037cb30a5153.jpg,0
2df2b434b63849acadb29697b06b1100.jpg,0
7521e97746ac4bd39ebfa8915f799f15.jpg,0
1901b95f665d4838b50d431bb420e567.jpg,0
17a4364d68c94e38a6019166706ccc45.jpg,0
05d8952645b34168adfbdaa47c5b7667.jpg,0
20c6ad98fb4b494ab5bbd616e3c57e3b.jpg,0
0ed022b525774c4e9f0322681c52d07d.jpg,0
65754fb01ea7430e9a8f7ecb8f0e2308.jpg,0
bb210853fe634bcda030687da5819d3f.jpg,0
c25e54bf6c9b4fe6be877578e6efd0a9.jpg,0
0b13552918644f608528bbeb8fb21eeb.jpg,0
b26b4d7ee32646b9814ae599d66fe7bc.jpg,0
594c2f1e01104070816103995d11fad1.jpg,0
81073ffbcff7479ea185bdf9e4ae9de4.jpg,0
d8e71f9670d842d9b2d20a4a0b1f3752.jpg,0
3eb05b9957de4e9d9b456567b697a33e.jpg,0
1cdf94d0adeb4199ace9dcc932bf17a1.jpg,0
5716339d08ce4741a8c89dd864c6cc2d.jpg,0
fa7b44db62a540c4b89e85c50123045a.jpg,0
378efc5d38204213b7a757376e8df930.jpg,0
d3f18a537cdd409fbff05f4e51c674e2.jpg,0
2383565f1ee24d0f9048486169f219c9.jpg,0
463d492c1db948ae803f5601beaace18.jpg,0
298e544a2cdf452aab62a2c5ae098532.jpg,0
bca1de9bce1447f483e861e52ee9c61f.jpg,0
f5081a9da3b8459b9d80e30973303161.jpg,0
e00d129b68d143d5ba60bd02db0b545d.jpg,0
312238bb04594f4697e4f6371bcfade5.jpg,0
119e3658919f4bdca28ecf99a7a0e2cd.jpg,0
d1d942baf496468bb26175d3bff9ee63.jpg,0
1bb6eba9d3554c6bbe2911882ef74462.jpg,0
e9ec8d9bbb7f45b1b6f1cd9c8149c24f.jpg,0
e287b9480d3e413f9be8e97fb5788160.jpg,0
677c6f476c1049c890a3fa991ff46e3a.jpg,0
db0b05286eb941b193fe6f2a9ebeb1d8.jpg,0
703db71c64904f15ad8de27abc558762.jpg,0
2948b713921c403e801e8400b0e58599.jpg,0
c71372cd4bcd4b108498ab661b63b2a9.jpg,0
421548557add4f9c9b061dc4788328ab.jpg,0
26dd74fb8af34124b6ee2f07e7816bbd.jpg,0
207d0020590f4f3fa76a55e490fc895e.jpg,0
a9b08fcecd944c5898a177eb7929fbc9.jpg,0
491a703b78bd40d78a866e23cdaa7f35.jpg,0
ce97cdbfe34b4a6e8940502bbd6a24c6.jpg,0
a871c665708e4f11bab2cff79d02fe81.jpg,0
c52a91adf41f4f65916ce1e270f7930e.jpg,0
8787f43566bc401982136ea70cdb7176.jpg,0
283334e32ac9426f8d616cb2823b7144.jpg,0
3d2df7cda3d249e89717670ded523c4c.jpg,0
8e7cb3717a2a444b8a9090774b6f2c6f.jpg,0
0db0b740e4fc4e0083cd8f8e0d8476f8.jpg,0
96ccc939526b49068d7a8d8a5a5c6e98.jpg,0
01e48f1582574a9686a4b6947ca0ceaf.jpg,0
d0a81992afd5422faaf669ca811feba1.jpg,0
48272ff05cfe4f098f934dcb73918214.jpg,0
f30f90c003a64c1a832c2dd35f01900e.jpg,0
47120b453cd74c8e930fafc505c14ed0.jpg,0
f2b5eb02bc304b0394390fbe4dc6a3ab.jpg,0
191207ff26b744adabf101fc08928b17.jpg,0
37f701964628498082ce268b8362dc74.jpg,0
a2bcc3813d504751a90201c5cd90b303.jpg,0
ea1267236e6b491590de2d6131c0b626.jpg,0
4f900d5bb7234fed982c23ac1cb060a5.jpg,0
65d5048cf4294ed29c9a403d4fe7087b.jpg,0
b3ce9b21a5c44788bf66ced7c7686cd1.jpg,0
d5b4b60eb2564c109c7e545e4c1db779.jpg,0
9ba1a32262844de8a693681265f9226e.jpg,0
9140c1c9f7244836aa18c6bff5031cab.jpg,0
1014f1036ddd4f3494419c9200ec4d9d.jpg,0
cc324244eb134f418cfa689811e0e364.jpg,0
0a6f565fbaaf4aebab7228f8b1b8e8ce.jpg,0
17f6b410e719452897a2dca29b5216b2.jpg,0
3f1165e9715441caab9479fc8444d638.jpg,0
2a7a6810e7144e949afd24d9646823c2.jpg,0
defd79400db64f95ae66ea030a423507.jpg,0
7ab79023aa844c95baf31cb8386565d4.jpg,0
9ef9885eda224df99f72d3c5c0c3d822.jpg,0
2766eaf5e7c34a48bde3afd61228bf90.jpg,0
d491e39f020e4aa9b975d9a9b7d1563a.jpg,0
8a76ddefc0d942999da61e179475f94e.jpg,0
fd78d35008cb4d1e94e8e9ba88a7195e.jpg,0
63e45e6fc16a4835a5b53cc99c25ee41.jpg,0
8fe827a5769a468995caac7b4fa6c804.jpg,0
f62dcf45ecf649918a2c2c5baf44b24f.jpg,0
e6c689b9e1394cf69928cf24202d6c3b.jpg,0
fbcbc985c76b4b58bd3eaff767a2d0df.jpg,0
e0817e34bb564ba69d00a52ccb4db27f.jpg,0
cc8004adbcbe4367be150a2ac0f4c829.jpg,0
49d2d80eed5d41ba801897be3430d0f4.jpg,0
f924e98ed10b4bc68e91f59604dc8ae8.jpg,0
bf2556358fdd4b048c78c9ab281dfad5.jpg,0
6528bbe06ff44282a7e725b039a9626a.jpg,0
6acd07047ea345ac9c971184130a6e5d.jpg,0
6e749f866763471b8b09dda5396f7f15.jpg,0
95ebce1cbf9240dbbb4afdb96c2c7332.jpg,0
48bd9f9636d646f48b307f753abc6aef.jpg,0
177e313dee044ff49f6a01c5658fd5ed.jpg,0
26fea02d900c48f9ad4a993b095053c8.jpg,0
b7a144ceeb544206bafc53cfb2c54d40.jpg,0
7698756213b04082999885a48ccd1748.jpg,0
ab6f428c91cf4cf192485046a5833d7f.jpg,0
9bf04e7f69f0483ca72ebcc2352b43c4.jpg,0
6e5175c420bb452e9bcbe12df13de0bd.jpg,0
ff9892a795dc4b76b372f1d90d842f09.jpg,0
66046ea5969743c1ab64176276516d9f.jpg,0
e79e909833dc488f975d01df336231a4.jpg,0
fec87471498749f882e682643decf3be.jpg,0
0c5a7131c0f2472a84dfc08c138c9126.jpg,0
bfe30e5eeaea4ce48819c35b97a5013c.jpg,0
201428305f5042b48aebe5674e12ca0e.jpg,0
970e2139eca8466898d0ae6d57ccd2bc.jpg,0
a54b8c0ffcfe4349ad34f6a1d66e77e8.jpg,0
0bd0297522fd4ee086f9f7105eaabb9b.jpg,0
b223f0ad9abd4d9b963d8c061fceab72.jpg,0
4db410c54beb4b5dbe080e3a29f02d56.jpg,0
49edd0f2140d4863b7c4ee11487b2388.jpg,0
f609218fc0d24127a99679d3a5c1ea77.jpg,0
a00e685c2f11432c90e9c1a37c5a7523.jpg,0
5db60d0e11d142998f9e0a23257e534b.jpg,0
c3a681907a634cbe803eb70f5c6b6365.jpg,0
e42cfea70c034b839e7b1dc6da81b4b8.jpg,0
1f9c31569ea3464ca27690fb36d1eec2.jpg,0
15c603d0f84b417ab43f4d7dae1d3da5.jpg,0
f4fd011d46c747bbb763b89fd7f1b82b.jpg,0
1f393b06752845ef9df05d22398f76af.jpg,0
502b413675c745d3a2957b8a1d34165e.jpg,0
fc91bc7ce86b4cdf952b20335753f61b.jpg,0
65583bda36154879b6677ac49eb648a2.jpg,0
4f85b959d01c40a28c4658d1aff8f1ec.jpg,0
b8512302e35745bda894e8a86881187f.jpg,0
12b72091ef1240abbc30a9178b469147.jpg,0
4ecfdcc242ca45f0822583bbce8f5736.jpg,0
ac6bdc01cd34441fb99c207e63c274b3.jpg,0
6f311c003f144c9bbd7c25f07b469d7e.jpg,0
0bfe381e40b54b61b51c61a787679249.jpg,0
a26ad841ce47446ab59b3a7ee1f82b2c.jpg,0
6734c828b93640e1b4edf1682dc39688.jpg,0
5ee126f8ae6640758d5481e2689bdb81.jpg,0
cb4b5e795f4e40beb18acff593c8057a.jpg,0
f140c26b2136491e8780cccc0d199e7d.jpg,0
8419676b317440d994f2c0eb8b4b5a38.jpg,0
adad0e5b09d14c579a35d3bb0305ab0c.jpg,0
e5311b82fa6645e2959000110e461035.jpg,0
c20f7afb94e74e15aed9387e7494649b.jpg,0
1aeda0260010436e8c9c423d4ccf36b9.jpg,0
854cca31d7ee46018b3bdf0c52fad0f0.jpg,0
703432f66783432e9d621d7b469d7916.jpg,0
608a78f4f88b41ecaa8d960320b9f0d9.jpg,0
d1db6a7547344a1999762fc3d438fbeb.jpg,0
de59e87f05a74af8bb36fa3654f34003.jpg,0
550821bec455493485f9b0824a794ece.jpg,0
b2e81ee987384b2395aafae62bd0a340.jpg,0
4088457cd99d4b9487bc188651492cd8.jpg,0
8bf1768b60c14760b8258791b993f933.jpg,0
3966f2d65f6a489d9821d6c0ea5d8b8a.jpg,0
e4bb33e813494ad88b69df44488c7d55.jpg,0
2790bbbf1c2649dfb1ab24cc38071943.jpg,0
b0a56b4094cd4d86957b8a4d32f69e08.jpg,0
5fb454c4043e4f18833935554e977edf.jpg,0
1188c432f54e466084d03cb7637d0b92.jpg,0
42d18de4a8e746fd9c9eaa7bac3fe995.jpg,0
51663864551e4a02a63f6a604b02dc9e.jpg,0
4fb7ef1f34ae408da8beb8e742ca7463.jpg,0
7722c4f4902d49308611d8da416c143f.jpg,0
d044e7c8bfa44d1fbeefe10ef9bdfd2d.jpg,0
f23b7ac3fa8c441c8d7336e7ccd828e4.jpg,0
6f1e30902adc4c4182ee0c398188be5d.jpg,0
e0a8e5468fbe4db28fedb73638119511.jpg,0
d7d094556f7640b1a430fac7f9ee5525.jpg,0
75f70f51548b406babb813c202a45196.jpg,0
714073c69f4b436bbabca8a00740e3b3.jpg,0
dd3f99af8bbe4d9785b99395473f23b4.jpg,0
c424726890c54feb9d7dd3ebd51777d0.jpg,0
b716d197c8cf4a4181be1309416e4aea.jpg,0
7ced06113749454da6af159c3ee79931.jpg,0
2e02ded6f2284dcba0aa9e0c93943b82.jpg,0
782cde4407184076a9a1b057e38ef1a7.jpg,0
822d65a03d444a26a99e4a13a51baa4f.jpg,0
0e13d0ac82714b0ea695d54eef6e6256.jpg,0
a69b09465b8d45b1a8808e19e419eb22.jpg,0
36f6eab843774ead8fbff597466aa164.jpg,0
4cd1fb82c3c64d658358f80be33ea618.jpg,0
07023e798d5041b484e9abd65a7922bd.jpg,0
6c6821fcbd4240ecae7d1b24dc4cdddb.jpg,0
22090803b56d4dd19f291e45ea8150e0.jpg,0
3fdb0e769360455886ae00d54b40faa4.jpg,0
34e21834750741c28cdc53325db45437.jpg,0
c70759ce2c694bf7b332e7aa8166dfae.jpg,0
e744a18d40e8455ea98b8a9f87f556b7.jpg,0
5280121636c14e5fbb6d6e3c3c135a36.jpg,0
89c03b0a6ae84fdaac2b994cda0434b5.jpg,0
1f07da5749ae494092e201dd555983fa.jpg,0
b5050cffc5bf4097b192317a45d97c80.jpg,0
742cf35bb306423d839ee302b05227ca.jpg,0
aaadf2d16ffb4770a31e6cb7462189d9.jpg,0
d7ed8ef91e79420bb77d4de9f0b84568.jpg,0
544fec455e4b4783ae033e410db91dc2.jpg,0
fbe7d87006aa4eac9bb1ff54629ea616.jpg,0
e86682f5d36a472f942d07a5498c9e69.jpg,0
81ba853286054507b7bfdaff8a7436ff.jpg,0
a19f54a2d4e54b5890e86239868f2cc7.jpg,0
8b9bc07e554d427fabc4a5048da6fb3f.jpg,0
e910c723f1c347f584d9608fd5df0842.jpg,0
3e02be7a31c14078839d20a60c0e41e3.jpg,0
217cf90b9711414280e61806599a700d.jpg,0
f38b5456d99242d1a69006e4052734e2.jpg,0
76490eb4e969408cbace706b447349ec.jpg,0
bf00e8a11c05414380cfd1df7e7bc637.jpg,0
15b142109eef46c2b53e96a9507ced51.jpg,0
512a2ee9b3ec48d8a280d5c8842a2552.jpg,0
7fbeeb74d1254b9ea3e983518e92e9c0.jpg,0
9f266c48850542379d2d2994270408ef.jpg,0
c80c76e0cab647ad8f64b6866edc6b35.jpg,0
1bb20a82e4b648d1908007e512c3455a.jpg,0
5d7dbafa6d734f62820a06e8df8cdf9c.jpg,0
699a7ba1042b446e80265d06d81af2e2.jpg,0
4e4d5528ceaf44b1858e112fa6cc613b.jpg,0
9b747bd979e244c3a06c1861d7f98a43.jpg,0
ea47985094e1430f8c38e78f7083af45.jpg,0
785b23eb1f51483f97382af628f08403.jpg,0
1812c506727b43a7882e4729742e41fc.jpg,0
d09b8bf73e004d06a9bf6412ed6e1110.jpg,0
080ca0cdcc574d14aead3df07f32a455.jpg,0
103b8ab191b644b9867c4b061ff16001.jpg,0
0cdc17ee8c6c46478db4690d0f6ec0b0.jpg,0
d72e264a22a049b398a3217b161ac430.jpg,0
9d2f5f6a55284a44b98a6d5abe16a5df.jpg,0
7a3f6cfe344b4a4cab340ea653efbff1.jpg,0
309ca19042ab4cdf8c4445fb35f6c4d8.jpg,0
f4c57d4b4f1a445296930bf1c00f9cd4.jpg,0
036b23050b45412c877c31424a571197.jpg,0
4b3996983bcf4d16baf5a5851c8c5e9d.jpg,0
15064d0118dc4d39b32901436617400c.jpg,0
0b132c9b9ea4413c97c7e722578ebf3a.jpg,0
206406a83e2e41399cdc1b0362023daf.jpg,0
4fed99cd5a294ab988d897f3f25d9bf5.jpg,0
6363dbe21fc54451bc9b12fb742dbe7f.jpg,0
ce204b67af1e4433aaad98e63af34968.jpg,0
415d8f4d77f546de8ff40ffa0d3aec08.jpg,0
d2212b1b008e4f888cd4a44332b88489.jpg,0
e604c68b95ec4859a1fbe7b58fea28a8.jpg,0
c75fed1396394b57aa9dfb901345130f.jpg,0
7619b9ebd747491aacd19e97a702fa34.jpg,0
c93894098c604b469ac56fd1287f9b8e.jpg,0
2f643c3ca39a46ddbbe0f2910ec024c1.jpg,0
af503b5a194347bca0c131c3e142d80c.jpg,0
4774fa4864d349a0b94869095bef9143.jpg,0
43b7d9fe09bb449198a9bf8cf4fcc042.jpg,0
57f2cfd44d2a484dbadf053ccaadb00d.jpg,0
3bc9e1ff336e4ddcbf0ce1ed5c850831.jpg,0
6ea1ed6c3bc74ba283c64a1dd4bdd7e3.jpg,0
ad403b718e13426a99cf832e8c4ef027.jpg,0
4784e859f5704107a20dbd39070f217f.jpg,0
abb18b2a007c44d8a959758eadd9529a.jpg,0
156cddf1e045449ea75089c6ec6ce4ca.jpg,0
60938677beed483289fb3ce797ffd35b.jpg,0
da9781de8ae24d08a7f55d1a9f7fd64a.jpg,0
7507762aabb1441490be0d430cedaba3.jpg,0
c7fe3d35bce84d159d9b1b349eab1fb1.jpg,0
173bff45f7ea4830ac8c28ec104f510e.jpg,0
3b84b958bd314a1186786aad4c6ff1fa.jpg,0
72e502a8ddf64ccfa798376b73aebfb5.jpg,0
4035da1482a642ef909c1fba0e3a66e4.jpg,0
5fa05871ba7b4ca1a6c980709ba0e087.jpg,0
d70cdb59ca464790b5ea4d31f30be0f3.jpg,0
63e51d50a9e24d779a23ec3fa3559b2e.jpg,0
e9911d193ac74455bdc7665a84ff562d.jpg,0
11ae20ef25c845adb4e4669b34c39f7a.jpg,0
84ed885d024547cc9acf03d9fbbce2fc.jpg,0
cc9c48b2e081470f8028993d93c4b7e0.jpg,0
d7d1aee1e89342e298de8215fe696c14.jpg,0
06e46d9e91ec46fe86aa71d9e757b3a8.jpg,0
3c68c20923ab4e809e4d916857f63ed1.jpg,0
722630e68912457e85c3716885571bed.jpg,0
53459fb6df41484d86653667571ac16e.jpg,0
bc4c3843ccec4e97ac3efc9476e459bb.jpg,0
6b07833b20d347108ce7ada831ebc08d.jpg,0
8e3372b9d7e8462a805c0419e9083325.jpg,0
6eff47bf9bb24eb78d62ac645abd9205.jpg,0
a14c9ace3b07478f9969b762c07c8fbb.jpg,0
6d73cdb6ff0c4ab7b73239ccc3db0574.jpg,0
34d7f269e2494976b429c2c47656c8e4.jpg,0
cdbb876099924ae7a17d99ebca72c3fa.jpg,0
9c6c405028b943f5b94e1731f2e70cae.jpg,0
21c057b9929142a097661af74a596f13.jpg,0
ef29d19b76c84125afcccf87831b61d7.jpg,0
b03c60574ddd4146990ccfe3d44c7aae.jpg,0
62ebab2acc714ab082cf9c991a0f2698.jpg,0
ceffd7ebebd6427988abf74844d3e122.jpg,0
bf8c7b282d10415fb3d3e63a359c5016.jpg,0
33731c52cfad44b59b03210252ad3423.jpg,0
4747bfdbde1b4c62b53947d4f5261083.jpg,0
4fb36478113e49c3a69285c522447f7c.jpg,0
dc05aa8346d94724802276ca809218ac.jpg,0
c116154edd10401d8f7175f21caa0896.jpg,0
8be97e3a282246ae82d0b2ea242e5b03.jpg,0
16b53542258d4d88808cdd83247a618e.jpg,0
b0f1ff6c03494776a332f32fba025fb7.jpg,0
5ed2538a031244a38f41c048b7401715.jpg,0
853e39bbbd224abb86fae9dbb92fd9d9.jpg,0
cb8b6f7cc6724111b42235ce22a64c9e.jpg,0
f1119af927bf45c1a6108b356f345b79.jpg,0
92c78fd5c1c24ed1ae0eaef5d7024042.jpg,0
eb8e6e6a56fe45598e0ff1e92c2c53c1.jpg,0
575ecfdc0edd44aeb82ffa0caa2628bc.jpg,0
51c20f826e774213920d7843b734e355.jpg,0
041b247c61b64ee39b03c81b6920632c.jpg,0
ea8b1cd33e05421a97ed6dad7dd658ac.jpg,0
da6e3a111e4a4d91b1e785615f5272a7.jpg,0
5e8d6b3516364f70bf62b2a5a3c198ed.jpg,0
32d8bf6d46964874a60affca777d7b2e.jpg,0
84d70e4b4b154696b825701ded0a252e.jpg,0
d6c0e83fc9044dc9a3229204132cd74e.jpg,0
5550190cc09e46c2b9b0e127276a2de4.jpg,0
d9c0f62a04ac42509a7559b519e51472.jpg,0
1f78793af63747b2a52672513429ecfc.jpg,0
9412abe3ab354167a85cecbea6ef376c.jpg,0
e62c1b5843d64167a3b9330bb8a1046e.jpg,0
dbd2a68106664c31bcef5d639f4b1b82.jpg,0
e09913b8f60f4d3fa02ec437118b75f6.jpg,0
835765994b3a47759756ae4d86e224c1.jpg,0
11de762470cd44939f20f82c26b3159c.jpg,0
d04a1e68bcf048ed845d33365acdfcac.jpg,0
32384036c02349308a48b0b2f31d597a.jpg,0
c3737fbeb03147b9b39a98648c6a94a9.jpg,0
4c37e944d0e4418798e81e05abac145a.jpg,0
8d3e5f0046dc43438d2f116eaec47b95.jpg,0
295e7e39168342548879c106f39407e6.jpg,0
4813c2edc09643e6a44c198a0b396fc2.jpg,0
c5d51baa55f14cfca4a42933f97f4175.jpg,0
92c704baa0424db2939de079b4effa25.jpg,0
7f545583dbf444a4be0f518b5f8b27a1.jpg,0
b0cb1795505440c3bce7fe707378bc37.jpg,0
49c17a0a069e415fb93bed650ec3b73b.jpg,0
8e47a618d73d43c6a745bf0fac4606d4.jpg,0
15c2705e8d6546a29dddb01500feb602.jpg,0
53681312c0844344a9f303507e5da1e1.jpg,0
459ee73b374c412e8292055bafbf7595.jpg,0
f5ece54ef48245a4a2d07592019e32bd.jpg,0
899f6ebbab6549bebeb142b03aa9df65.jpg,0
a74a7f4c93e9446dbf2e6a2712039ef2.jpg,0
8463c4812aee438e91a8a9367e83dbb1.jpg,0
6a713f7a2a9542f68c155904c3810e77.jpg,0
6234719a5dc9472691479f2aadd49645.jpg,0
93a68317bae94bb687c6d25c1f132bbd.jpg,0
0e26b60f070b412a8445cba775938249.jpg,0
a65c5991b19f417888e2f81d1c4b79d6.jpg,0
8cf7ce0338a54f57a586f1358646681f.jpg,0
209974ccf7244daea820b09c18225a3a.jpg,0
d5c3aa42b2e14fd49ca8cc0624540f3b.jpg,0
e0cca260385a44ca81986187c4f176f3.jpg,0
0ab2d2490b624d74b924705508aff977.jpg,0
0242a6f1ef3c478fa8f74776295c7fc4.jpg,0
3e621a764c404323b6912b500bb97ae7.jpg,0
cc431c865eda4477be82fe54717126e8.jpg,0
7edaf3943ce14f5fb92d76fe7048eda0.jpg,0
c4e421e6ff67450a81e77afdc9553602.jpg,0
1f298e4d946b468c8fb3a2b180f873da.jpg,0
3caed8fdf88646c4bf0c206dca6060b2.jpg,0
b927d2c99f8a4646b2ff67a2262690a0.jpg,0
0f4e7db1371041899dd44a932ea28434.jpg,0
fbe98efe1fe24fdd99d48e0987fb2cd9.jpg,0
ed1f841c10f44866b130931b068261cc.jpg,0
c0a39e10a30e439bb0ffbef8adc4d4d8.jpg,0
542f9e708bfc48aface03c9fe3532cd7.jpg,0
fe34c6c0ade44a808d0bb3ede02b2fb9.jpg,0
6d450a976fba4c3484172729b49f9029.jpg,0
3110e1aab8eb4a3b84032815be3be7df.jpg,0
ae35e635cc464290b6898216896047d8.jpg,0
abee0df591364e8280020621f9b7b4f7.jpg,0
124a64a1fdbc4c79b18b2561db35d89b.jpg,0
b5f8657e6da1459dba47295ea223d691.jpg,0
9b9cad220ce64db497cec5f52ecb6c5b.jpg,0
7950fe5475394bc58e592b595febf5d1.jpg,0
4c811ffb4a4d4fb8a6dac11a488af59e.jpg,0
a8fff7e798984b59a84e747e73efa3ef.jpg,0
809032aba28e4280b5c0094fcd6bc48b.jpg,0
2b842f66151c4742959308a6c8fa6a08.jpg,0
73abf686dd574cf3891400b3c2c23e75.jpg,0
0fddd3fc6b4441668d4b3ae3a63addfb.jpg,0
91f36bdd011648fea556b97ee600d025.jpg,0
07285d0909454d2aa134e997f5d84bb7.jpg,0
2ee06e4f74154055a4dd1d65d8e10215.jpg,0
2b3f72e7f11e402b9fe8fbb89b01b3cc.jpg,0
db88b52692814273b75342b328aec6b7.jpg,0
81839ccba530434683173f539ca5ceaa.jpg,0
6f298350d54544d0af76ca6ac6372660.jpg,0
0100b7d6626f436a895216e6ce4dec4c.jpg,0
8033650486c04862b56fe88790e150ea.jpg,0
1bacdab28cfe46269da49f806acee284.jpg,0
0a6c56ab5d6948fe885530ff72d9a0a3.jpg,0
830569cd8fff48a698f141d255fad1c3.jpg,0
bc05682a5d2f441ba33134c3462ae023.jpg,0
38e6a9886b26478bbf53d303a7520c49.jpg,0
336d58350b834263bc8a018e9f2a7252.jpg,0
70d5c1ab8e21427da6cd30c400ed6b54.jpg,0
b6df70b40b794314b8b119de06867b07.jpg,0
25501290d3604f51ac0dcc963118d486.jpg,0
9107322857804cd9a017a53719b4425b.jpg,0
8156ce470e0c4b4da0f1cb0c52de09e6.jpg,0
7fb3a90d726d46199840ed222ffed17d.jpg,0
f2931d559d0c42a58d7c137660ee4f68.jpg,0
65078e1d8abe4983baecc02c4a48a019.jpg,0
e230050977cd45658b531420f85a5df6.jpg,0
d9610470459142f1a2127ea0a4423413.jpg,0
c00928ddba064f68ab49026cbca2a26a.jpg,0
43bb3fa8c59f45f49400e215e08623b3.jpg,0
a26fcf5e2f67407a803f0661956cd55f.jpg,0
4ae75193d4224133a24c447f0f19a358.jpg,0
64942d40bd244e41b8b32820e4db084a.jpg,0
5f5f10ecd71640b68a64a5ed209101f5.jpg,0
65591dbb74694c0f95e1ae7df0025097.jpg,0
fd1e638b286e41adb0870f161a2fd193.jpg,0
5675ae21b8e3462b8f9ea4e79442721a.jpg,0
70b68995c9584681acd3ba4b775ffdd4.jpg,0
ff77e7f3c39a4b4b8b064bcad87e1989.jpg,0
62f1b2e3de024abd837e032fcea9f0dc.jpg,0
68d8d6d065ab4b9eac2a1341419647b7.jpg,0
17405bf6f05a43f88c32037a0d8b2405.jpg,0
ee10d11665134dfba1988b4d05d73082.jpg,0
caf7ca30fd8846e48a5e37401e5b1252.jpg,0
670a24b095bd40bbb40d497ce49ae294.jpg,0
9bdeaf93c47141179d7fc36fd4c16338.jpg,0
8282dc5aa5e349b4b40aa81e2b8a0a04.jpg,0
9de02f2db2064e199fe940c277af230b.jpg,0
ba51862feeb448ef94cc590d4fcc2295.jpg,0
aa8c2695492a4ef5b794b812ce0061b4.jpg,0
eaa5340da9ea42a9ab487a19f228a9c7.jpg,0
a3cdbf1c34e241dc8ecf93210282f71f.jpg,0
55368a92a50a4c42952d0e64e71d1cd1.jpg,0
4bf396b665244721a42e1e84f1eb9c6f.jpg,0
fa0648351dc54c708888701da3134de7.jpg,0
516bef5a0f8e4648b46a70ad388aea7a.jpg,0
e7e36be1fb2748f1ba5a9ec0a2858f9a.jpg,0
40318e98f86e463889c8efaffa2a803c.jpg,0
199c5970be964da8aef39c06d40ae051.jpg,0
61c2662c84dd433eabd7615d94c88bcf.jpg,0
c701c85f60bd4c4f8c503d0b67ea92bc.jpg,0
2b685b6d51ca4bc095a994132f1a306b.jpg,0
24b56867f50a45e9bd6f6ea0a7ffcee7.jpg,0
59cdde4893824e32bcf595e8154af466.jpg,0
ebd932069ad045f59d54aeadd2554052.jpg,0
bf7264a1e6de48bc942de25ac96c39de.jpg,0
f8dd11feed104aaa9614be71b9f5a54f.jpg,0
313e7decdbaf4af5ac1d0c9ba3d71a4a.jpg,0
d5474ed6448f416f8cfd95afb4719ca2.jpg,0
9dfe3eee227a41cdb50506c403381e5d.jpg,0
96f89270febc4f09b8c353a249ff00ea.jpg,0
57fca5effe5e4d6eadc9e3d6d780fb90.jpg,0
d45b331d0400427f91bb94f991f9c6fb.jpg,0
de7b865bd5aa404da51b9cfb2f759ed3.jpg,0
d2036ddd7b8147f7b4bfe4d11ca3d1db.jpg,0
fec6cce3d58a49e7b5ddc1d7fa3b5381.jpg,0
3d88e94bb9df4565bac47f8b4b359c3c.jpg,0
c8fe27a2c92b4c96a61294c58f3dee2d.jpg,0
581575c71e8448938961d6a8587b3c94.jpg,0
1c28adfccf2942eabd6c71cd39b3401f.jpg,0
5a144cb47b2b4951b9276556a28395ed.jpg,0
337f305bc389437ea8897905c5e8cbb7.jpg,0
20a69c4909bd431c816530a381381849.jpg,0
00d580a2b7f342f2b3a516da345093da.jpg,0
80662e0fc39f4968b05c40393b93459c.jpg,0
714aa3d6dffb4e229fce1be93cfd2cf7.jpg,0
1d4ccb2bba3e494f9b42c8a41dead687.jpg,0
98ae86aec3b4406797aa505a4614a069.jpg,0
8ed15553db544dfaa1ad30b75ed6e483.jpg,0
b4b46e04d0844a7196f7626ab8e29b66.jpg,0
5292ff90ccd44104a5a4e23e4448cee8.jpg,0
3426947caba142a6a95cdca43c5755ad.jpg,0
6913ad5ee9d2472cb365dec23c8b3837.jpg,0
a2ca58ba9909442f9fe7538aa915a428.jpg,0
32ef04722fb64f229e5ffb2b8689f3d5.jpg,0
11fab6957eda4292abae0e2a9c4acce8.jpg,0
f7bd9ce6405642099499a5301e695d46.jpg,0
6a93f402a3fe4323b376a63ea566a823.jpg,0
e5947f7a21134e9799ddc66cfb174d18.jpg,0
b87b0902dd844b4bb062a41890c8bce7.jpg,0
a9f4f6355eae4b64a866c1ad234907e5.jpg,0
08b5f56c45db4151a1a479c325227846.jpg,0
c1251b9d0080443aa2be06c4f656793d.jpg,0
63b0d9a1167e438084e5dc496b415ec1.jpg,0
5c93404be8f14fd1afc8be33191c696f.jpg,0
42507f24d1424e15b23f3bf696f07d58.jpg,0
b5c328d86e3641f18f51cdff74d9efa5.jpg,0
cb9ee26881264dfc84d8b88f98e7257f.jpg,0
32471e9581304998b71fe9bdbec24b88.jpg,0
8051cf1795c74644bf67cdc8d03cc2df.jpg,0
5c335fc5de594d7d8183543b080c189d.jpg,0
2de32aae5fda4cf48c700a5de2d652bc.jpg,0
221e083013584e49a4ce806dfb4c948d.jpg,0
deda7cbdd4f1437b874a7ed9840af7c6.jpg,0
30d7f14fee4e42c588bf8f4a2d9d321f.jpg,0
3e26e7a8047142fc92acf3a65d58e1d8.jpg,0
9a115161049a4bb4b2be706df492a6c1.jpg,0
fd135ea6a26149bcbb265f8db4a4943a.jpg,0
b8c91b85e3b34633ad77355fdd2bb3a9.jpg,0
67d08929a8a247ef90b684d91878aecb.jpg,0
4a578f95c8154f908168362253993e3d.jpg,0
19fa199e2daf4872a79519e395d29311.jpg,0
5fa13718d1b143d888a15a6f4eb51cf7.jpg,0
6f31cc3e351e41ee92b62c334b8fe115.jpg,0
154cea7b55324260b1eacd66443f5b51.jpg,0
bdc38ef409184a8093fce697ae51fe1e.jpg,0
d68bb625a66b4579a6eee95131ccc12f.jpg,0
29fb0358b33448e88ecef17f3519b091.jpg,0
2b2498763f614fb693e85d70c54ac3a5.jpg,0
3526176dd3ca4391937e625148fa136b.jpg,0
7ebc9d0f233c45b19fe29892bbd0af0d.jpg,0
a64ccfb64016448ba4aea3e71b838dca.jpg,0
0fe47627ad6d41efaf8dec70c7fdc439.jpg,0
cbf2cdea8b0c4fc9a36077baa918e8cd.jpg,0
c73f08689e79436da1685b72ee475815.jpg,0
48e51f1c338d45ae81c015765d41ec5f.jpg,0
2f03814b71ab4c38adca7c4d5cbd0825.jpg,0
fc600c1272424b70a73a7071e68bcd88.jpg,0
6d84c4faf444426aa5cddf0998e1c447.jpg,0
0950d2bb0b0840519c2537b2750b144c.jpg,0
4d3f4ae01a3d41eba1276d568cc41329.jpg,0
50e219bee37f448185e39a8003b9b877.jpg,0
6ac88bb131fa4996a70f903bf4f24824.jpg,0
248079e1da7342b6a79de32a014b9786.jpg,0
4f930f60e694475cb6fe7ccd9aa572bc.jpg,0
bb89e2bbbfcd4008857dcfabbf68d54e.jpg,0
c7ad173cf04344dbbdf9931581300655.jpg,0
b63ed0b133594635b0048d00f526cfbd.jpg,0
9fae6733f155418e9f61b379fd70d21b.jpg,0
